customer_id,name,email,signup_date,country
1,Justin Barton,lacey_halvorson75@gmail.com,2025-05-04,Palestine
2,Garry Abshire-Jerde,deontae_bogisich@gmail.com,2024-02-22,Gibraltar
3,Nettie Schaden,eloise.fay@yahoo.com,2025-02-24,Martinique
4,Tonya Baumbach,monica_mcdermott52@yahoo.com,2024-12-10,American Samoa
5,Dr. Kerry Champlin,grover.pacocha76@yahoo.com,2025-07-30,Saint Kitts and Nevis
6,Inez Beer II,brain1@gmail.com,2025-08-19,Sint Maarten
7,Willie Trantow,kay89@hotmail.com,2024-01-22,Saint Martin
8,Jose Jacobi,sienna6@gmail.com,2024-10-27,Suriname
9,Miss Sherry Schneider,lola.strosin39@yahoo.com,2025-10-08,Bahamas
10,Matthew Walker,wilbert_mayert85@gmail.com,2024-07-23,Liberia
11,Lauren Carter,ally31@gmail.com,2024-06-20,Peru
12,Edmond Balistreri,afton.weber@gmail.com,2024-04-28,Cape Verde
13,Elmer Bosco,jeremie60@hotmail.com,2025-01-03,Kazakhstan
14,Valerie Barrows,nelda_kreiger@yahoo.com,2024-02-02,Mayotte
15,Dr. Alfredo Goyette,ursula.casper@yahoo.com,2025-08-04,Gambia
16,Rolando Jerde,amiya.auer69@yahoo.com,2024-08-19,Colombia
17,Roosevelt Schuppe,ellen_gibson63@hotmail.com,2024-03-04,Antarctica
18,Dennis Corkery,erin_rath@hotmail.com,2025-08-10,Hong Kong
19,Erik Rath,araceli_terry4@gmail.com,2024-03-12,Canada
20,Chad Gutkowski,kenneth_green5@yahoo.com,2025-05-15,Congo
21,Sylvester Johnson,amelie.willms90@hotmail.com,2025-06-03,Cote d'Ivoire
22,Brandon Kunze,tobin_waters@gmail.com,2024-04-01,New Zealand
23,Gene Hoppe,gabriel.doyle17@hotmail.com,2024-07-21,Kazakhstan
24,Hector Hudson,marcelo52@yahoo.com,2025-10-27,French Guiana
25,Jeremiah Lowe DDS,corene98@yahoo.com,2025-09-02,Turkey
26,Cecilia Effertz,seth_schultz@yahoo.com,2024-06-14,Indonesia
27,Simon Doyle,antonina52@gmail.com,2025-05-21,Paraguay
28,Dan Anderson,rose_herzog@yahoo.com,2025-07-16,Benin
29,Zachary Wehner,karlie67@hotmail.com,2025-01-23,Mauritania
30,Mr. Edmund Pfannerstill,magnolia76@hotmail.com,2025-10-18,Cuba
31,Greg Howell,oswald_carroll@hotmail.com,2025-09-15,India
32,Mr. Angelo Swaniawski,suzanne.mills@hotmail.com,2024-10-21,Uganda
33,Forrest Greenfelder,burley.west95@hotmail.com,2025-09-19,Israel
34,Frederick Heaney,orrin24@gmail.com,2023-11-19,Singapore
35,Guillermo Hettinger,karley_green@hotmail.com,2025-08-06,Pakistan
36,Susan Larson,jany.boehm@yahoo.com,2024-02-19,Palau
37,Jerome Smitham,dandre_wisozk@gmail.com,2025-11-07,Montenegro
38,Mr. Winston Okuneva,damion_christiansen@gmail.com,2025-08-23,Hong Kong
39,Dwight Jacobs,cassandre68@hotmail.com,2024-10-07,Mali
40,Marion Dare,destiny15@yahoo.com,2025-09-11,Faroe Islands
41,Caleb West,natalia_lockman@gmail.com,2024-05-26,Saint Pierre and Miquelon
42,Scott Gerlach,sharon0@gmail.com,2025-08-14,Nauru
43,Eric Schimmel,destini45@gmail.com,2024-04-09,Morocco
44,Raymond Herzog,berta.harber@hotmail.com,2025-08-27,Iran
45,Walter Dach,dina.keeling6@yahoo.com,2024-03-27,Saint Barthelemy
46,Micheal Leuschke-Abshire,anibal_wolf@hotmail.com,2025-02-15,United States of America
47,Albert Bode,lynn.osinski@gmail.com,2024-04-08,Reunion
48,Mrs. Genevieve Willms,arvilla_wilkinson@hotmail.com,2024-03-14,Australia
49,Marcos Pacocha Jr.,travis_leannon@yahoo.com,2024-01-17,Belize
50,Dr. Rachel Carroll,jewel39@gmail.com,2024-09-09,Northern Mariana Islands
51,Rosa Murazik,craig68@yahoo.com,2024-10-20,Sint Maarten
52,Sadie Homenick V,elenora13@yahoo.com,2025-02-13,Portugal
53,Ellis Keebler-Mills,layla_hyatt-sawayn43@hotmail.com,2025-05-22,Afghanistan
54,Clifton Corkery,danielle.schmitt42@hotmail.com,2023-12-07,Tonga
55,Rodney Legros,alysha.dickinson@yahoo.com,2024-06-14,Micronesia
56,Christopher Johns,teresa83@hotmail.com,2025-09-16,Maldives
57,Dr. Shawn Ryan,clair.medhurst73@hotmail.com,2025-09-13,"Bonaire, Sint Eustatius and Saba"
58,Mr. Dean Wunsch-Carter,emilia44@hotmail.com,2024-08-23,Svalbard & Jan Mayen Islands
59,Dr. Danielle Abernathy DVM,deanna.jakubowski79@yahoo.com,2025-09-02,Japan
60,Kathy Hilll-Bergstrom,angeline.kozey90@yahoo.com,2023-11-17,Dominica
61,Belinda McDermott,arno_rosenbaum-jaskolski@hotmail.com,2025-03-20,Nauru
62,Dr. Kim Breitenberg,edd_blick0@yahoo.com,2025-01-29,Peru
63,Theresa Stanton-Greenfelder,aida49@gmail.com,2025-03-08,Equatorial Guinea
64,Ashley Franey-Predovic V,alaina.blick@yahoo.com,2025-07-22,Maldives
65,Ora Goyette,angelica.stiedemann-barrows@gmail.com,2025-06-19,Congo
66,Jeanette Bechtelar,lila.kautzer@yahoo.com,2024-06-20,Sudan
67,Dr. Toby Mills,cecil.brown@gmail.com,2024-06-30,Morocco
68,Suzanne Berge,florence77@hotmail.com,2023-12-27,Bahamas
69,Rosie Kunze,rodrigo_skiles59@hotmail.com,2024-01-31,Heard Island and McDonald Islands
70,Clarence Toy,adrianna87@gmail.com,2025-01-28,Japan
71,Ricardo Smitham,vince11@yahoo.com,2024-08-22,Taiwan
72,Pat Osinski,cheyanne_schaefer84@yahoo.com,2025-08-13,Anguilla
73,Leticia Tromp,noelia.will46@yahoo.com,2024-04-08,Puerto Rico
74,Mrs. Johnnie Auer MD,demetris.rosenbaum@hotmail.com,2025-04-11,Eritrea
75,Dawn Crona,sandrine29@gmail.com,2024-08-11,China
76,Ms. Caroline Friesen,karelle_hickle-kirlin79@hotmail.com,2025-05-09,Wallis and Futuna
77,Alyssa Turner,myrtis35@yahoo.com,2024-09-24,Nepal
78,Ginger Welch,jamel_trantow94@yahoo.com,2024-06-10,New Caledonia
79,Bruce Rowe,tina.wolff47@hotmail.com,2024-09-22,Iran
80,Mitchell Larson,keely.donnelly61@yahoo.com,2025-11-13,Ukraine
81,Veronica Jakubowski IV,jamar_beer92@yahoo.com,2025-10-24,Guyana
82,Miss Doris Hodkiewicz,graciela.torp@yahoo.com,2024-09-27,Philippines
83,Lloyd Rutherford,florine59@yahoo.com,2024-11-18,Isle of Man
84,Tim Glover DDS,selmer.swift@yahoo.com,2024-02-05,Armenia
85,Nathaniel Bayer,kailyn65@yahoo.com,2025-10-27,Belgium
86,Drew Hettinger,stephon_turner@gmail.com,2024-06-24,Kyrgyz Republic
87,Benny Watsica,kolby_murray0@yahoo.com,2024-03-01,Nigeria